-- phpMyAdmin SQL Dump
-- version 3.3.9
-- http://www.phpmyadmin.net
--
-- Host: localhost
-- Generation Time: Dec 19, 2014 at 05:44 PM
-- Server version: 5.5.8
-- PHP Version: 5.3.5

SET SQL_MODE="NO_AUTO_VALUE_ON_ZERO";


/*!40101 SET @OLD_CHARACTER_SET_CLIENT=@@CHARACTER_SET_CLIENT */;
/*!40101 SET @OLD_CHARACTER_SET_RESULTS=@@CHARACTER_SET_RESULTS */;
/*!40101 SET @OLD_COLLATION_CONNECTION=@@COLLATION_CONNECTION */;
/*!40101 SET NAMES utf8 */;

--
-- Database: `cloth`
--

-- --------------------------------------------------------

--
-- Table structure for table `barang`
--

CREATE TABLE IF NOT EXISTS `barang` (
  `id_barang` int(5) NOT NULL AUTO_INCREMENT,
  `nama_barang` varchar(50) NOT NULL,
  PRIMARY KEY (`id_barang`)
) ENGINE=InnoDB  DEFAULT CHARSET=latin1 AUTO_INCREMENT=4 ;

--
-- Dumping data for table `barang`
--

INSERT INTO `barang` (`id_barang`, `nama_barang`) VALUES
(1, 'pakaian'),
(2, 'celana'),
(3, 'aksesoris');

-- --------------------------------------------------------

--
-- Table structure for table `besar_perut`
--

CREATE TABLE IF NOT EXISTS `besar_perut` (
  `id_besarperut` int(5) NOT NULL AUTO_INCREMENT,
  `nm_besarperut` varchar(50) NOT NULL,
  PRIMARY KEY (`id_besarperut`)
) ENGINE=InnoDB  DEFAULT CHARSET=latin1 AUTO_INCREMENT=3 ;

--
-- Dumping data for table `besar_perut`
--

INSERT INTO `besar_perut` (`id_besarperut`, `nm_besarperut`) VALUES
(1, 'regular_fit'),
(2, 'slim_fit');

-- --------------------------------------------------------

--
-- Table structure for table `foto`
--

CREATE TABLE IF NOT EXISTS `foto` (
  `id_foto` int(2) NOT NULL,
  `foto1` varchar(100) NOT NULL,
  `foto2` varchar(100) NOT NULL,
  `foto3` varchar(100) NOT NULL
) ENGINE=InnoDB DEFAULT CHARSET=latin1;

--
-- Dumping data for table `foto`
--

INSERT INTO `foto` (`id_foto`, `foto1`, `foto2`, `foto3`) VALUES
(1, 'biru.png', 'biru1.png', 'biru2.png');

-- --------------------------------------------------------

--
-- Table structure for table `jenis_kelamin`
--

CREATE TABLE IF NOT EXISTS `jenis_kelamin` (
  `id_jeniskelamin` int(5) NOT NULL AUTO_INCREMENT,
  `nm_jk` varchar(15) NOT NULL,
  PRIMARY KEY (`id_jeniskelamin`)
) ENGINE=InnoDB  DEFAULT CHARSET=latin1 AUTO_INCREMENT=3 ;

--
-- Dumping data for table `jenis_kelamin`
--

INSERT INTO `jenis_kelamin` (`id_jeniskelamin`, `nm_jk`) VALUES
(1, 'man'),
(2, 'woman');

-- --------------------------------------------------------

--
-- Table structure for table `pertanyaan`
--

CREATE TABLE IF NOT EXISTS `pertanyaan` (
  `id_tanya` int(5) NOT NULL AUTO_INCREMENT,
  `pertanyaan` varchar(100) NOT NULL,
  PRIMARY KEY (`id_tanya`)
) ENGINE=InnoDB  DEFAULT CHARSET=latin1 AUTO_INCREMENT=7 ;

--
-- Dumping data for table `pertanyaan`
--

INSERT INTO `pertanyaan` (`id_tanya`, `pertanyaan`) VALUES
(1, 'Apa Jenis Kelamin Anda?'),
(2, 'Apa Ukuran Baju Anda?'),
(3, 'Apa Warna Kulit Anda?'),
(4, 'Jenis Fashion yang anda pilih ?'),
(5, 'Tipe Fashion yang Anda Cari ?'),
(6, 'Harga yang Anda Pilih?');

-- --------------------------------------------------------

--
-- Table structure for table `pertanyaan_jawaban`
--

CREATE TABLE IF NOT EXISTS `pertanyaan_jawaban` (
  `id` int(5) NOT NULL AUTO_INCREMENT,
  `id_tanya` int(5) NOT NULL,
  `jawaban` varchar(100) NOT NULL,
  PRIMARY KEY (`id`)
) ENGINE=InnoDB  DEFAULT CHARSET=latin1 AUTO_INCREMENT=26 ;

--
-- Dumping data for table `pertanyaan_jawaban`
--

INSERT INTO `pertanyaan_jawaban` (`id`, `id_tanya`, `jawaban`) VALUES
(1, 1, 'Man'),
(2, 1, 'Woman'),
(3, 2, 'S'),
(4, 2, 'M'),
(5, 2, 'L'),
(6, 2, 'XL'),
(7, 2, 'XXL'),
(8, 2, 'Diatas XXL'),
(9, 3, 'Putih'),
(10, 3, 'Hitam'),
(11, 3, 'sawo_matang'),
(12, 5, 'Formal'),
(13, 5, 'Casual'),
(14, 6, '100.000'),
(15, 6, '150.000'),
(16, 6, '200.000'),
(17, 6, '250.000'),
(18, 6, '300.000'),
(19, 6, '350.000'),
(20, 6, '400.000'),
(21, 6, '450.000'),
(22, 6, '500.000'),
(23, 4, 'pakaian'),
(24, 4, 'celana'),
(25, 4, 'aksesoris');

-- --------------------------------------------------------

--
-- Table structure for table `produk`
--

CREATE TABLE IF NOT EXISTS `produk` (
  `id_produk` int(5) NOT NULL AUTO_INCREMENT,
  `id_barang` int(5) NOT NULL,
  `id_foto` int(2) NOT NULL,
  `id_tipebaju` int(5) NOT NULL,
  `id_jeniskelamin` int(5) NOT NULL,
  `id_ukuranbaju` int(5) NOT NULL,
  `id_warnakulit` int(5) NOT NULL,
  `id_besarperut` int(5) NOT NULL,
  `nama_produk` varchar(100) NOT NULL,
  `harga` decimal(18,0) NOT NULL,
  `foto` text NOT NULL,
  PRIMARY KEY (`id_produk`)
) ENGINE=InnoDB  DEFAULT CHARSET=latin1 AUTO_INCREMENT=109 ;

--
-- Dumping data for table `produk`
--

INSERT INTO `produk` (`id_produk`, `id_barang`, `id_foto`, `id_tipebaju`, `id_jeniskelamin`, `id_ukuranbaju`, `id_warnakulit`, `id_besarperut`, `nama_produk`, `harga`, `foto`) VALUES
(1, 1, 1, 1, 1, 2, 1, 2, 'kemeja biru', 250000, 'biru.png'),
(2, 1, 0, 1, 1, 2, 1, 2, 'kemeja coklat', 250000, 'coklat.png'),
(3, 1, 0, 1, 1, 2, 1, 2, 'kemeja putih', 250000, 'putih1.png'),
(4, 1, 0, 1, 1, 2, 1, 2, 'kemeja merah', 250000, 'merah1.png'),
(5, 1, 0, 1, 1, 2, 1, 2, 'kemeja biru muda', 250000, 'biru4.png'),
(6, 1, 0, 1, 1, 2, 1, 2, 'kemeja hitam', 250000, 'hitam.png'),
(7, 1, 0, 1, 1, 2, 1, 2, 'kemeja abu-abu', 250000, 'abu-abu.png'),
(8, 1, 0, 2, 1, 2, 2, 2, 'Raglan Marun-Hitam', 65000, 'marun hitam.png'),
(9, 1, 0, 2, 1, 2, 1, 1, 'Raglan Merah-Hitam', 65000, 'merah hitam.png'),
(10, 1, 0, 2, 1, 2, 3, 1, 'Raglan Misty Tua-Dongker', 65000, 'misty tua dongker.png'),
(11, 1, 0, 2, 1, 2, 3, 2, 'Raglan Misty Tua-Marun', 65000, 'misty tua marun2.png'),
(12, 1, 0, 2, 1, 2, 2, 2, 'Raglan Dongker Hitam', 65000, 'dongker hitaam.png'),
(13, 1, 0, 2, 1, 2, 1, 2, 'Raglan Turkish Dongker', 65000, 'turkis dongker.png'),
(14, 1, 0, 2, 1, 2, 1, 2, 'Polo Kuning', 250000, 'polokuning.png'),
(15, 1, 0, 2, 1, 2, 1, 2, 'Polo Merah', 250000, 'polomerah.png'),
(16, 1, 0, 2, 1, 2, 1, 2, 'Polo Orange', 250000, 'poloorange.png'),
(17, 1, 0, 2, 1, 2, 2, 2, 'Polo Panjang Coklat', 300000, 'polopanjangcoklat.png'),
(18, 1, 0, 2, 1, 2, 2, 2, 'Polo Panjang Merah', 300000, 'polopanjangmerah.png'),
(19, 1, 0, 2, 1, 2, 2, 2, 'Polo Biru Garis Merah', 250000, 'polobirugarismerah.png'),
(20, 1, 0, 2, 1, 2, 3, 2, 'Polo Biru', 250000, 'polobiru.png'),
(21, 1, 0, 2, 1, 2, 3, 2, 'Polo Biru Garis Putih', 250000, 'polobirugarisputih.png'),
(22, 1, 0, 2, 1, 2, 3, 2, 'Polo Hijau Garis Putih', 250000, 'polohijaugarisputih.png'),
(23, 1, 0, 2, 1, 2, 3, 2, 'Polo Panjang Biru', 300000, 'polopanjangbiru.png'),
(24, 1, 0, 2, 1, 2, 3, 2, 'Polo Panjang Hijau', 300000, 'polopanjanghijau.png'),
(25, 1, 0, 2, 1, 2, 1, 1, 'TED ACR G147R', 250000, 'sweaterbiru.png'),
(26, 1, 0, 2, 1, 2, 1, 1, 'TED ACR L149', 250000, 'ted-acr-l149.jpg'),
(27, 1, 0, 2, 1, 2, 1, 1, 'Kaos Merah', 150000, 'kaosmerah.png'),
(28, 1, 0, 2, 1, 2, 3, 1, 'TED ACR L143R', 250000, 'sweatermarun.png'),
(29, 1, 0, 2, 1, 2, 3, 1, 'The Executive CARBONIATXR141J Jacket Green', 330000, 'jakethijau.png'),
(30, 1, 0, 2, 1, 2, 3, 1, 'The Executive TORRY CT L149R Cardigan Grey', 280000, 'sewaterabu-abu.png'),
(31, 1, 0, 2, 1, 2, 3, 1, 'The Executive COFROTXR149JKT Jacket Grey', 400000, 'jaketabu-abu.png'),
(32, 1, 0, 2, 1, 2, 2, 2, 'TED ACR G149R', 250000, 'sweaterdongker.png'),
(33, 1, 0, 2, 1, 2, 2, 1, 'Sweater Hitam', 250000, 'sweaterhitam.png'),
(34, 1, 0, 2, 1, 2, 1, 1, 'Sweater Coklat', 250000, 'sweatercoklat.png'),
(35, 1, 0, 2, 1, 2, 2, 1, 'Raglan Misty Tua-Hitam', 65000, 'misty tua hitam 2.png'),
(36, 1, 0, 2, 1, 2, 1, 2, 'Raglan Merah-Dongker', 65000, 'merah dongker.png'),
(37, 2, 0, 1, 1, 2, 1, 2, ' SIDZ MF', 330000, 'celanaabuabu.png'),
(38, 2, 0, 1, 1, 2, 1, 1, 'STANLY SLF CTM', 350000, 'celanabiru.png'),
(39, 2, 0, 1, 1, 2, 1, 1, 'SIDNEY SLF', 329000, 'celanacoklat.png'),
(40, 2, 0, 1, 1, 2, 1, 1, 'SELDRAN SLF SP', 330000, 'celanahitam.png'),
(41, 2, 0, 1, 1, 2, 2, 1, 'SIDZ MF', 329000, 'celanaabuabu1.png'),
(42, 2, 0, 1, 1, 2, 2, 1, 'SERON SLF CTM', 350000, 'celanabiru1.png'),
(43, 2, 0, 1, 1, 2, 2, 1, 'SIDNEY SLF', 329000, 'celanacoklat1.png'),
(44, 2, 0, 1, 1, 2, 2, 1, 'SELDRAN SLF SP', 330000, 'celanahitam1.png'),
(45, 2, 0, 1, 1, 2, 3, 1, ' STANLY SLF CTM', 350000, 'celanaabuabu2.png'),
(46, 2, 0, 1, 1, 2, 3, 1, 'STANLY SLF CTM', 350000, 'celanabiru2.png'),
(47, 2, 0, 1, 1, 2, 3, 1, 'SAMEUS SLF', 329000, 'celanacoklat.png'),
(48, 2, 0, 1, 1, 2, 3, 1, 'SELDRAN SLF SP', 330000, 'celanahitam1.png'),
(49, 2, 0, 2, 1, 2, 1, 1, 'Koala Blue Chino Pants', 250000, 'chinopanjang.png'),
(50, 2, 0, 2, 1, 2, 1, 1, 'Lighthouse Basic Shorts Mustard', 150000, 'chinopendek.png'),
(51, 2, 0, 2, 1, 2, 1, 1, 'Chino Pendek Coklat', 150000, 'chinopendek2.png'),
(52, 2, 0, 2, 1, 2, 2, 1, 'Chino Black Bolt', 270000, 'chinopanjang1.png'),
(53, 2, 0, 2, 1, 2, 2, 1, 'Chino Panjang Coklat', 200000, 'chinopanjangcoklat.jpg'),
(54, 2, 0, 2, 1, 2, 3, 1, 'Chino Pendek Biru', 150000, 'chinopendek1.png'),
(55, 2, 0, 2, 1, 2, 3, 1, 'Chino Khaki Short', 120000, 'chinopendek3.png'),
(56, 2, 0, 2, 1, 2, 3, 1, 'Chino Panjang Coklat', 200000, 'chinopanjangcoklat.jpg'),
(57, 2, 0, 2, 1, 2, 3, 1, 'Chino Black Bolt', 270000, 'chinopanjang1.png'),
(58, 3, 0, 1, 1, 2, 2, 2, 'Dasi Grey', 120000, 'dasigrey.png'),
(59, 3, 0, 1, 1, 2, 2, 2, 'Dasi Biru', 120000, 'dasibiru1.png'),
(60, 3, 0, 1, 1, 2, 1, 2, 'Dasi Biru Dongker', 120000, 'dasibiru.png'),
(61, 3, 0, 1, 1, 2, 4, 2, 'Dasi Biru', 120000, 'dasibiru1.png'),
(62, 3, 0, 1, 1, 2, 1, 2, 'Dasi Navy Grey', 120000, 'dasinavygrey.png'),
(63, 3, 0, 1, 1, 2, 1, 1, 'Dasi Navy Red', 120000, 'dasinavyred.png'),
(64, 3, 0, 1, 1, 2, 1, 1, 'Dasi Ungu Bermotif', 120000, 'dasiungu.png'),
(65, 3, 0, 1, 1, 2, 1, 2, 'Dasi Ungu Polkadot', 120000, 'dasiungu1.png'),
(66, 3, 0, 1, 1, 2, 3, 2, 'Dasi Biru Polkadot', 120000, 'dasibiru2.png'),
(67, 1, 0, 2, 2, 2, 1, 1, 'Ethnic Dress Orange', 180000, 'drc-105-5114-14.png'),
(68, 1, 0, 2, 2, 5, 1, 1, 'Mesh-Inset Halter Dress', 300000, '00119200-03.png'),
(69, 1, 0, 2, 2, 5, 1, 1, 'Floral Print Cami Dress', 215000, '00119260-02.png'),
(70, 1, 0, 2, 2, 5, 1, 1, 'Spotted Fit & Flare Dress', 230000, '00119844-01.png'),
(71, 1, 0, 2, 2, 5, 4, 1, 'Ruched Pencil Dress', 195000, '00120663-04.png'),
(72, 1, 0, 2, 2, 5, 4, 1, 'Tulle & Lace Dress', 340000, '00120529-01.png'),
(73, 1, 0, 2, 2, 5, 4, 1, 'Crochet Lace Maxi Dress', 320000, '00123454-01.jpg'),
(74, 1, 0, 2, 2, 2, 3, 2, 'Knotted Sweater Dress', 170000, 'Knotted Sweater Dress.png'),
(75, 1, 0, 2, 2, 2, 4, 2, 'Floral Crochet Fit & Flare Dress', 200000, 'Floral Crochet Fit & Flare Dress.png'),
(76, 1, 0, 2, 2, 2, 1, 2, 'Plaid Smock Dress', 210000, 'Plaid Smock Dress.png'),
(77, 1, 0, 2, 2, 2, 3, 2, 'Mock Neck Velveteen Dress', 125000, 'Mock Neck Velveteen Dress.png'),
(78, 1, 0, 2, 2, 2, 1, 2, 'Textured Midi Bodycon Dress', 170000, 'Textured Midi Bodycon Dress.png'),
(79, 1, 0, 2, 2, 2, 1, 2, 'Tribal Patterned Bodycon Dress', 170000, 'Tribal Patterned Bodycon Dress.png'),
(80, 1, 0, 2, 2, 2, 1, 2, 'Woven Sheath Dress', 195000, 'Woven Sheath Dress.png'),
(81, 1, 0, 2, 2, 2, 3, 2, 'Ruffled Maxi Dress', 220000, 'Ruffled Maxi Dress.png'),
(82, 1, 0, 2, 2, 2, 3, 2, 'Front-Slit Maxi Dress', 235000, 'Front-Slit Maxi Dress.png'),
(83, 1, 0, 2, 2, 2, 3, 2, 'Floral Lace Maxi Dress', 250000, 'Floral Lace Maxi Dress.png'),
(84, 1, 0, 1, 2, 2, 1, 2, 'Lace Combo Dress', 210000, 'Lace Combo Dress.jpg'),
(85, 1, 0, 1, 2, 2, 1, 1, 'bzf-201-5114-14', 480000, 'bzf-201-5114-14.jpg'),
(86, 1, 0, 1, 2, 2, 3, 1, 'bzc-107-5114-14', 450000, 'bzc-107-5114-14.png'),
(87, 1, 0, 1, 2, 2, 2, 1, 'bzc-203-5114-14', 480000, 'bzc-203-5114-14.png'),
(88, 1, 0, 1, 2, 2, 4, 1, 'bzwk-102-5114-14', 380000, 'bzwk-102-5114-14 (1).jpg'),
(89, 1, 0, 1, 2, 3, 4, 1, 'bzcs-308-5114-13', 500000, 'bzcs-308-5114-13.jpg'),
(90, 1, 0, 1, 2, 2, 4, 1, 'bzc-109-5114-14', 480000, 'bzc-109-5114-14.jpg'),
(91, 0, 0, 0, 0, 0, 0, 0, '', 0, ''),
(92, 2, 0, 1, 2, 2, 4, 1, 'ssc-103-5114-14', 230000, 'ssc-103-5114-14.jpg'),
(93, 2, 0, 1, 2, 2, 4, 1, 'ssc-202-5114-14', 280000, 'ssc-202-5114-14.jpg'),
(94, 2, 0, 1, 2, 2, 4, 1, 'sse-205-5114-10', 190000, 'sse-205-5114-10.jpg'),
(95, 2, 0, 1, 2, 2, 4, 1, 'sse-206-5114-10', 190000, 'sse-206-5114-10.jpg'),
(96, 2, 0, 1, 2, 2, 1, 1, 'ssf-107-5114-14', 260000, 'ssf-107-5114-14.jpg'),
(97, 2, 0, 1, 2, 2, 4, 1, 'ssf-109-5114-14', 250000, 'ssf-109-5114-14.jpg'),
(98, 2, 0, 1, 2, 2, 4, 1, 'ssf-202-5114-14', 280000, 'ssf-202-5114-14.jpg'),
(99, 2, 0, 1, 2, 2, 4, 1, 'ssfr-202-5114-13', 260000, 'ssfr-202-5114-13.jpg'),
(100, 2, 0, 1, 2, 2, 4, 1, 'sswk-102-5114-14', 230000, 'sswk-102-5114-14.jpg'),
(101, 2, 0, 2, 2, 5, 4, 1, 'Acid Wash Skinny Jeans', 300000, 'Acid Wash Skinny Jeans.jpg'),
(102, 2, 0, 2, 2, 5, 4, 1, 'Mid-Rise Skinny Jeans', 180000, 'Mid-Rise Skinny Jeans.jpg'),
(103, 2, 0, 2, 2, 5, 4, 1, 'Mineral Wash Skinny Jeans', 300000, 'Mineral Wash Skinny Jeans.jpg'),
(104, 2, 0, 2, 2, 5, 4, 1, 'Paneled Knit Leggings', 168000, 'Paneled Knit Leggings.jpg'),
(105, 2, 0, 2, 2, 5, 4, 1, 'Skinny Jeans (Regular)', 240000, 'Skinny Jeans (Regular).jpg'),
(106, 2, 0, 2, 2, 5, 4, 1, 'Skinny Jeans (Short)', 240000, 'Skinny Jeans (Short).jpg'),
(107, 2, 0, 2, 2, 5, 4, 1, 'Solid Knit Leggings', 70000, 'Solid Knit Leggings.jpg'),
(108, 2, 0, 2, 2, 5, 4, 1, 'Textured Knit Leggings', 190000, 'Textured Knit Leggings.jpg');

-- --------------------------------------------------------

--
-- Table structure for table `rating`
--

CREATE TABLE IF NOT EXISTS `rating` (
  `id_rating` int(5) NOT NULL AUTO_INCREMENT,
  `id_produk` varchar(5) NOT NULL,
  `id_user` varchar(5) NOT NULL,
  `rating` int(50) NOT NULL,
  PRIMARY KEY (`id_rating`)
) ENGINE=InnoDB  DEFAULT CHARSET=latin1 AUTO_INCREMENT=866 ;

--
-- Dumping data for table `rating`
--

INSERT INTO `rating` (`id_rating`, `id_produk`, `id_user`, `rating`) VALUES
(1, '1', '1', 6),
(2, '2', '1', 8),
(3, '3', '1', 8),
(4, '4', '1', 6),
(5, '5', '1', 7),
(6, '6', '1', 8),
(7, '7', '1', 8),
(8, '8', '1', 6),
(9, '9', '1', 7),
(10, '10', '1', 8),
(11, '11', '1', 8),
(12, '12', '1', 8),
(13, '13', '1', 8),
(14, '17', '1', 8),
(15, '19', '1', 8),
(16, '21', '1', 8),
(17, '23', '1', 7),
(18, '25', '1', 8),
(19, '26', '1', 8),
(20, '26', '1', 8),
(21, '27', '1', 8),
(22, '30', '1', 8),
(23, '31', '1', 8),
(24, '32', '1', 8),
(25, '33', '1', 8),
(26, '35', '1', 8),
(27, '36', '1', 7),
(28, '37', '1', 8),
(29, '38', '1', 8),
(30, '40', '1', 8),
(31, '41', '1', 7),
(32, '42', '1', 8),
(33, '43', '1', 8),
(34, '45', '1', 8),
(35, '46', '1', 7),
(36, '47', '1', 8),
(37, '48', '1', 8),
(38, '52', '1', 8),
(39, '54', '1', 8),
(40, '67', '2', 5),
(41, '68', '2', 8),
(42, '71', '2', 7),
(43, '74', '2', 8),
(44, '75', '2', 9),
(45, '77', '2', 7),
(46, '78', '2', 8),
(47, '79', '2', 8),
(48, '80', '2', 7),
(49, '84', '2', 7),
(50, '85', '2', 6),
(51, '86', '2', 7),
(52, '88', '2', 7),
(53, '89', '2', 6),
(54, '90', '2', 7),
(55, '92', '2', 6),
(56, '93', '2', 6),
(57, '94', '2', 7),
(58, '95', '2', 7),
(59, '96', '2', 6),
(60, '97', '2', 7),
(61, '99', '2', 7),
(62, '100', '2', 7),
(63, '101', '2', 6),
(64, '102', '2', 7),
(65, '104', '2', 8),
(66, '105', '2', 7),
(67, '106', '2', 8),
(68, '106', '2', 8),
(69, '1', '3', 7),
(70, '2', '3', 9),
(71, '3', '3', 7),
(72, '4', '3', 6),
(73, '5', '3', 7),
(74, '6', '3', 9),
(75, '7', '3', 8),
(76, '8', '3', 8),
(77, '9', '3', 8),
(78, '10', '3', 9),
(79, '11', '3', 8),
(80, '12', '3', 8),
(81, '13', '3', 7),
(82, '14', '3', 5),
(83, '25', '3', 8),
(84, '27', '3', 8),
(85, '33', '3', 9),
(86, '37', '3', 8),
(87, '38', '3', 8),
(88, '39', '3', 8),
(89, '40', '3', 8),
(90, '44', '3', 8),
(91, '47', '3', 8),
(92, '48', '3', 8),
(93, '50', '3', 9),
(94, '51', '3', 7),
(95, '53', '3', 8),
(96, '60', '3', 8),
(97, '65', '3', 8),
(98, '69', '3', 9),
(99, '70', '3', 9),
(100, '71', '3', 9),
(101, '72', '3', 9),
(102, '73', '3', 9),
(103, '74', '3', 9),
(104, '75', '3', 9),
(105, '76', '3', 9),
(106, '102', '3', 9),
(107, '103', '3', 9),
(108, '104', '3', 9),
(109, '105', '3', 9),
(110, '106', '3', 9),
(111, '107', '3', 9),
(112, '108', '3', 9),
(113, '1', '5', 9),
(114, '2', '5', 7),
(115, '3', '5', 8),
(116, '4', '5', 9),
(117, '5', '5', 9),
(118, '8', '5', 6),
(119, '9', '5', 6),
(120, '10', '5', 5),
(121, '13', '5', 9),
(122, '14', '5', 6),
(123, '15', '5', 8),
(124, '16', '5', 7),
(125, '19', '5', 9),
(126, '21', '5', 9),
(127, '22', '5', 8),
(128, '24', '5', 4),
(129, '31', '5', 7),
(130, '32', '5', 8),
(131, '41', '5', 8),
(132, '44', '5', 9),
(133, '49', '5', 8),
(134, '50', '5', 8),
(135, '51', '5', 10),
(136, '54', '5', 10),
(137, '55', '5', 10),
(138, '1', '4', 8),
(139, '2', '4', 7),
(140, '5', '4', 8),
(141, '7', '4', 8),
(142, '8', '4', 8),
(143, '10', '4', 9),
(144, '17', '4', 10),
(145, '19', '4', 9),
(146, '25', '4', 9),
(147, '30', '4', 10),
(148, '32', '4', 10),
(149, '35', '4', 9),
(150, '44', '4', 10),
(151, '48', '4', 10),
(152, '49', '4', 8),
(153, '54', '4', 10),
(154, '55', '4', 10),
(155, '60', '4', 10),
(156, '65', '4', 9),
(157, '14', '1', 4),
(158, '15', '1', 0),
(159, '16', '1', 0),
(160, '18', '1', 0),
(161, '20', '1', 0),
(162, '22', '1', 0),
(163, '24', '1', 0),
(164, '28', '1', 0),
(165, '29', '1', 0),
(166, '34', '1', 0),
(167, '39', '1', 0),
(168, '44', '1', 0),
(169, '49', '1', 0),
(170, '50', '1', 0),
(171, '51', '1', 0),
(172, '53', '1', 0),
(173, '55', '1', 0),
(174, '58', '1', 0),
(175, '59', '1', 0),
(176, '60', '1', 0),
(177, '62', '1', 0),
(178, '63', '1', 0),
(179, '64', '1', 0),
(180, '65', '1', 0),
(181, '66', '1', 0),
(182, '67', '1', 0),
(183, '68', '1', 0),
(184, '69', '1', 0),
(185, '70', '1', 0),
(186, '71', '1', 0),
(187, '72', '1', 0),
(188, '73', '1', 0),
(189, '74', '1', 0),
(190, '75', '1', 0),
(191, '76', '1', 0),
(192, '77', '1', 0),
(193, '78', '1', 0),
(194, '79', '1', 0),
(195, '80', '1', 0),
(196, '81', '1', 0),
(197, '82', '1', 0),
(198, '83', '1', 0),
(199, '84', '1', 0),
(200, '85', '1', 0),
(201, '86', '1', 0),
(202, '87', '1', 0),
(203, '88', '1', 0),
(204, '89', '1', 0),
(205, '90', '1', 0),
(206, '92', '1', 0),
(207, '93', '1', 0),
(208, '94', '1', 0),
(209, '95', '1', 0),
(210, '96', '1', 0),
(211, '97', '1', 0),
(212, '98', '1', 0),
(213, '99', '1', 0),
(214, '100', '1', 0),
(215, '101', '1', 0),
(216, '102', '1', 0),
(217, '103', '1', 0),
(218, '104', '1', 0),
(219, '105', '1', 0),
(220, '104', '1', 0),
(221, '106', '1', 0),
(222, '107', '1', 0),
(223, '108', '1', 0),
(224, '1', '2', 0),
(225, '2', '2', 0),
(226, '3', '2', 0),
(227, '4', '2', 0),
(228, '5', '2', 0),
(229, '6', '2', 0),
(230, '7', '2', 0),
(231, '8', '2', 0),
(232, '9', '2', 0),
(233, '10', '2', 0),
(234, '11', '2', 0),
(235, '12', '2', 0),
(236, '13', '2', 0),
(237, '14', '2', 0),
(238, '15', '2', 0),
(239, '16', '2', 0),
(240, '17', '2', 0),
(241, '18', '2', 0),
(242, '19', '2', 0),
(243, '20', '2', 0),
(244, '21', '2', 0),
(245, '22', '2', 0),
(246, '23', '2', 0),
(247, '24', '2', 0),
(248, '25', '2', 0),
(249, '26', '2', 0),
(250, '27', '2', 0),
(251, '28', '2', 0),
(252, '29', '2', 0),
(253, '30', '2', 0),
(254, '31', '2', 0),
(255, '32', '2', 0),
(256, '33', '2', 0),
(257, '34', '2', 0),
(258, '35', '2', 0),
(259, '36', '2', 0),
(260, '37', '2', 0),
(261, '38', '2', 0),
(262, '39', '2', 0),
(263, '40', '2', 0),
(264, '41', '2', 0),
(265, '42', '2', 0),
(266, '42', '2', 0),
(267, '43', '2', 0),
(268, '44', '2', 0),
(269, '45', '2', 0),
(270, '46', '2', 0),
(271, '47', '2', 0),
(272, '48', '2', 0),
(273, '49', '2', 0),
(274, '50', '2', 0),
(275, '51', '2', 0),
(276, '52', '2', 0),
(277, '53', '2', 0),
(278, '54', '2', 0),
(279, '55', '2', 0),
(280, '58', '2', 0),
(281, '59', '2', 0),
(282, '60', '2', 0),
(283, '62', '2', 0),
(284, '63', '2', 0),
(285, '64', '2', 0),
(286, '65', '2', 0),
(287, '66', '2', 0),
(288, '69', '2', 0),
(289, '70', '2', 0),
(290, '72', '2', 0),
(291, '73', '2', 0),
(292, '76', '2', 0),
(293, '81', '2', 0),
(294, '82', '2', 0),
(295, '83', '2', 0),
(296, '89', '2', 0),
(297, '98', '2', 0),
(298, '103', '2', 0),
(299, '107', '2', 0),
(300, '15', '3', 0),
(301, '16', '3', 0),
(302, '17', '3', 0),
(303, '18', '3', 0),
(304, '19', '3', 0),
(305, '20', '3', 0),
(306, '21', '3', 0),
(307, '22', '3', 0),
(308, '23', '3', 0),
(309, '24', '3', 0),
(310, '26', '3', 0),
(311, '28', '3', 0),
(312, '29', '3', 0),
(313, '30', '3', 0),
(314, '31', '3', 0),
(315, '32', '3', 0),
(316, '34', '3', 0),
(317, '35', '3', 0),
(318, '36', '3', 0),
(319, '41', '3', 0),
(320, '42', '3', 0),
(321, '43', '3', 0),
(322, '45', '3', 0),
(323, '46', '3', 0),
(324, '49', '3', 0),
(325, '52', '3', 0),
(326, '54', '3', 0),
(327, '55', '3', 0),
(328, '58', '3', 0),
(329, '59', '3', 0),
(330, '62', '3', 0),
(331, '63', '3', 0),
(332, '64', '3', 0),
(333, '66', '3', 0),
(334, '67', '3', 0),
(335, '68', '3', 0),
(336, '77', '3', 0),
(337, '78', '3', 0),
(338, '79', '3', 0),
(339, '80', '3', 0),
(340, '81', '3', 0),
(341, '82', '3', 0),
(342, '83', '3', 0),
(343, '84', '3', 0),
(344, '85', '3', 0),
(345, '86', '3', 0),
(346, '87', '3', 0),
(347, '88', '3', 0),
(348, '89', '3', 0),
(349, '90', '3', 0),
(350, '92', '3', 0),
(351, '93', '3', 0),
(352, '94', '3', 0),
(353, '95', '3', 0),
(354, '96', '3', 0),
(355, '97', '3', 0),
(356, '98', '3', 0),
(357, '99', '3', 0),
(358, '100', '3', 0),
(359, '101', '3', 0),
(360, '3', '4', 0),
(361, '4', '4', 0),
(362, '6', '4', 0),
(363, '11', '4', 0),
(364, '12', '4', 0),
(365, '13', '4', 0),
(366, '14', '4', 0),
(367, '15', '4', 0),
(368, '16', '4', 0),
(369, '18', '4', 0),
(370, '20', '4', 0),
(371, '21', '4', 0),
(372, '22', '4', 0),
(373, '23', '4', 0),
(374, '24', '4', 0),
(375, '26', '4', 0),
(376, '27', '4', 0),
(377, '28', '4', 0),
(378, '29', '4', 0),
(379, '31', '4', 0),
(380, '33', '4', 0),
(381, '34', '4', 0),
(382, '36', '4', 0),
(383, '37', '4', 0),
(384, '38', '4', 0),
(385, '39', '4', 0),
(386, '40', '4', 0),
(387, '41', '4', 0),
(388, '42', '4', 0),
(389, '43', '4', 0),
(390, '45', '4', 0),
(391, '46', '4', 0),
(392, '47', '4', 0),
(393, '50', '4', 0),
(394, '51', '4', 0),
(395, '52', '4', 0),
(396, '53', '4', 0),
(397, '58', '4', 0),
(398, '59', '4', 0),
(399, '62', '4', 0),
(400, '63', '4', 0),
(401, '64', '4', 0),
(402, '66', '4', 0),
(403, '67', '4', 0),
(404, '68', '4', 0),
(405, '69', '4', 0),
(406, '70', '4', 0),
(407, '71', '4', 0),
(408, '72', '4', 0),
(409, '73', '4', 0),
(410, '74', '4', 0),
(411, '75', '4', 0),
(412, '76', '4', 0),
(413, '77', '4', 0),
(414, '78', '4', 0),
(415, '79', '4', 0),
(416, '80', '4', 0),
(417, '81', '4', 0),
(418, '82', '4', 0),
(419, '83', '4', 0),
(420, '84', '4', 0),
(421, '85', '4', 0),
(422, '86', '4', 0),
(423, '87', '4', 0),
(424, '88', '4', 0),
(425, '89', '4', 0),
(426, '90', '4', 0),
(427, '92', '4', 0),
(428, '93', '4', 0),
(429, '94', '4', 0),
(430, '95', '4', 0),
(431, '96', '4', 0),
(432, '97', '4', 0),
(433, '98', '4', 0),
(434, '99', '4', 0),
(435, '100', '4', 0),
(436, '101', '4', 0),
(437, '102', '4', 0),
(438, '103', '4', 0),
(439, '104', '4', 0),
(440, '105', '4', 0),
(441, '106', '4', 0),
(442, '107', '4', 0),
(443, '108', '4', 0),
(444, '6', '5', 0),
(445, '7', '5', 0),
(446, '11', '5', 0),
(447, '12', '5', 0),
(448, '17', '5', 0),
(449, '18', '5', 0),
(450, '20', '5', 0),
(451, '23', '5', 0),
(452, '25', '5', 0),
(453, '26', '5', 0),
(454, '27', '5', 0),
(455, '28', '5', 0),
(456, '29', '5', 0),
(457, '30', '5', 0),
(458, '33', '5', 0),
(459, '34', '5', 0),
(460, '35', '5', 0),
(461, '36', '5', 0),
(462, '37', '5', 0),
(463, '38', '5', 0),
(464, '39', '5', 0),
(465, '40', '5', 0),
(466, '42', '5', 0),
(467, '43', '5', 0),
(468, '45', '5', 0),
(469, '46', '5', 0),
(470, '47', '5', 0),
(471, '48', '5', 0),
(472, '52', '5', 0),
(473, '53', '5', 0),
(474, '58', '5', 0),
(475, '59', '5', 0),
(476, '60', '5', 0),
(477, '62', '5', 0),
(478, '63', '5', 0),
(479, '64', '5', 0),
(480, '65', '5', 0),
(481, '66', '5', 0),
(482, '67', '5', 0),
(483, '68', '5', 0),
(484, '69', '5', 0),
(485, '70', '5', 0),
(486, '71', '5', 0),
(487, '72', '5', 0),
(488, '73', '5', 0),
(489, '74', '5', 0),
(490, '75', '5', 0),
(491, '76', '5', 0),
(492, '77', '5', 0),
(493, '78', '5', 0),
(494, '79', '5', 0),
(495, '80', '5', 0),
(496, '81', '5', 0),
(497, '82', '5', 0),
(498, '83', '5', 0),
(499, '84', '5', 0),
(500, '85', '5', 0),
(501, '86', '5', 0),
(502, '87', '5', 0),
(503, '88', '5', 0),
(504, '89', '5', 0),
(505, '90', '5', 0),
(506, '92', '5', 0),
(507, '93', '5', 0),
(508, '94', '5', 0),
(509, '95', '5', 0),
(510, '96', '5', 0),
(511, '97', '5', 0),
(512, '98', '5', 0),
(513, '99', '5', 0),
(514, '100', '5', 0),
(515, '101', '5', 0),
(516, '102', '5', 0),
(517, '103', '5', 0),
(518, '104', '5', 0),
(519, '105', '5', 0),
(520, '106', '5', 0),
(521, '107', '5', 0),
(522, '108', '5', 0),
(523, '1', '6', 6),
(524, '2', '6', 0),
(525, '3', '6', 7),
(526, '4', '6', 8),
(527, '5', '6', 0),
(528, '6', '6', 0),
(529, '7', '6', 7),
(530, '8', '6', 6),
(531, '9', '6', 8),
(532, '10', '6', 7),
(533, '11', '6', 6),
(534, '12', '6', 7),
(535, '13', '6', 9),
(536, '14', '6', 6),
(537, '15', '6', 6),
(538, '16', '6', 6),
(539, '17', '6', 10),
(540, '18', '6', 10),
(541, '19', '6', 7),
(542, '20', '6', 6),
(543, '21', '6', 5),
(544, '22', '6', 0),
(545, '23', '6', 9),
(546, '24', '6', 9),
(547, '25', '6', 8),
(548, '26', '6', 8),
(549, '27', '6', 6),
(550, '28', '6', 7),
(551, '29', '6', 8),
(552, '30', '6', 6),
(553, '31', '6', 8),
(554, '32', '6', 8),
(555, '33', '6', 0),
(556, '34', '6', 6),
(557, '35', '6', 7),
(558, '36', '6', 7),
(559, '37', '6', 7),
(560, '38', '6', 7),
(561, '39', '6', 8),
(562, '40', '6', 8),
(563, '41', '6', 0),
(564, '42', '6', 0),
(565, '43', '6', 0),
(566, '44', '6', 8),
(567, '45', '6', 0),
(568, '46', '6', 0),
(569, '47', '6', 0),
(570, '48', '6', 8),
(571, '49', '6', 6),
(572, '50', '6', 7),
(573, '51', '6', 0),
(574, '52', '6', 8),
(575, '53', '6', 0),
(576, '54', '6', 8),
(577, '55', '6', 0),
(578, '58', '6', 0),
(579, '59', '6', 0),
(580, '60', '6', 0),
(581, '62', '6', 0),
(582, '63', '6', 0),
(583, '64', '6', 0),
(584, '65', '6', 10),
(585, '66', '6', 0),
(586, '67', '6', 0),
(587, '68', '6', 7),
(588, '69', '6', 5),
(589, '70', '6', 9),
(590, '71', '6', 6),
(591, '72', '6', 6),
(592, '73', '6', 8),
(593, '74', '6', 10),
(594, '75', '6', 9),
(595, '76', '6', 6),
(596, '77', '6', 10),
(597, '78', '6', 10),
(598, '79', '6', 10),
(599, '80', '6', 0),
(600, '81', '6', 8),
(601, '82', '6', 5),
(602, '83', '6', 10),
(603, '84', '6', 0),
(604, '85', '6', 9),
(605, '86', '6', 6),
(606, '87', '6', 8),
(607, '88', '6', 0),
(608, '89', '6', 0),
(609, '90', '6', 9),
(610, '92', '6', 5),
(611, '93', '6', 7),
(612, '94', '6', 0),
(613, '95', '6', 0),
(614, '96', '6', 7),
(615, '97', '6', 5),
(616, '98', '6', 0),
(617, '99', '6', 8),
(618, '100', '6', 0),
(619, '101', '6', 5),
(620, '102', '6', 10),
(621, '103', '6', 8),
(622, '104', '6', 9),
(623, '105', '6', 10),
(624, '106', '6', 7),
(625, '107', '6', 10),
(626, '108', '6', 10),
(627, '1', '7', 7),
(628, '2', '7', 6),
(629, '3', '7', 0),
(630, '4', '7', 0),
(631, '5', '7', 9),
(632, '6', '7', 0),
(633, '7', '7', 8),
(634, '8', '7', 7),
(635, '9', '7', 8),
(636, '10', '7', 0),
(637, '11', '7', 0),
(638, '12', '7', 0),
(639, '13', '7', 8),
(640, '14', '7', 0),
(641, '15', '7', 0),
(642, '16', '7', 0),
(643, '17', '7', 9),
(644, '18', '7', 7),
(645, '19', '7', 8),
(646, '20', '7', 8),
(647, '21', '7', 5),
(648, '22', '7', 5),
(649, '23', '7', 9),
(650, '24', '7', 4),
(651, '25', '7', 9),
(652, '26', '7', 9),
(653, '27', '7', 7),
(654, '28', '7', 8),
(655, '29', '7', 6),
(656, '30', '7', 7),
(657, '31', '7', 8),
(658, '32', '7', 7),
(659, '33', '7', 7),
(660, '34', '7', 7),
(661, '35', '7', 0),
(662, '36', '7', 0),
(663, '37', '7', 0),
(664, '38', '7', 6),
(665, '39', '7', 7),
(666, '40', '7', 10),
(667, '41', '7', 0),
(668, '42', '7', 0),
(669, '43', '7', 0),
(670, '44', '7', 10),
(671, '45', '7', 0),
(672, '46', '7', 0),
(673, '47', '7', 0),
(674, '48', '7', 10),
(675, '49', '7', 9),
(676, '50', '7', 0),
(677, '51', '7', 8),
(678, '52', '7', 8),
(679, '53', '7', 7),
(680, '54', '7', 6),
(681, '55', '7', 7),
(682, '58', '7', 0),
(683, '59', '7', 0),
(684, '60', '7', 0),
(685, '61', '7', 0),
(686, '62', '7', 0),
(687, '63', '7', 0),
(688, '64', '7', 0),
(689, '65', '7', 0),
(690, '66', '7', 0),
(691, '67', '7', 4),
(692, '68', '7', 8),
(693, '69', '7', 8),
(694, '70', '7', 7),
(695, '71', '7', 9),
(696, '72', '7', 6),
(697, '73', '7', 0),
(698, '74', '7', 8),
(699, '75', '7', 9),
(700, '76', '7', 0),
(701, '77', '7', 0),
(702, '78', '7', 0),
(703, '79', '7', 10),
(704, '80', '7', 0),
(705, '81', '7', 0),
(706, '82', '7', 0),
(707, '83', '7', 0),
(708, '84', '7', 8),
(709, '85', '7', 0),
(710, '86', '7', 0),
(711, '87', '7', 0),
(712, '88', '7', 0),
(713, '89', '7', 8),
(714, '90', '7', 0),
(715, '92', '7', 0),
(716, '93', '7', 0),
(717, '94', '7', 0),
(718, '95', '7', 0),
(719, '96', '7', 0),
(720, '97', '7', 0),
(721, '98', '7', 0),
(722, '99', '7', 0),
(723, '100', '7', 0),
(724, '101', '7', 0),
(725, '102', '7', 0),
(726, '103', '7', 8),
(727, '104', '7', 0),
(728, '105', '7', 0),
(729, '106', '7', 0),
(730, '107', '7', 8),
(731, '108', '7', 7),
(732, '1', '8', 7),
(733, '2', '8', 7),
(734, '3', '8', 0),
(735, '4', '8', 0),
(736, '5', '8', 7),
(737, '6', '8', 8),
(738, '7', '8', 7),
(739, '8', '8', 6),
(740, '9', '8', 6),
(741, '10', '8', 6),
(742, '11', '8', 6),
(743, '12', '8', 6),
(744, '13', '8', 6),
(745, '14', '8', 0),
(746, '15', '8', 7),
(747, '16', '8', 0),
(748, '17', '8', 9),
(749, '18', '8', 9),
(750, '19', '8', 8),
(751, '20', '8', 8),
(752, '21', '8', 4),
(753, '22', '8', 4),
(754, '23', '8', 8),
(755, '24', '8', 7),
(756, '25', '8', 8),
(757, '26', '8', 8),
(758, '27', '8', 7),
(759, '28', '8', 7),
(760, '29', '8', 8),
(761, '30', '8', 6),
(762, '31', '8', 7),
(763, '32', '8', 6),
(764, '33', '8', 7),
(765, '34', '8', 7),
(766, '35', '8', 7),
(767, '36', '8', 0),
(768, '37', '8', 0),
(769, '38', '8', 0),
(770, '39', '8', 0),
(771, '40', '8', 8),
(772, '41', '8', 0),
(773, '42', '8', 0),
(774, '43', '8', 0),
(775, '44', '8', 8),
(776, '45', '8', 0),
(777, '46', '8', 0),
(778, '47', '8', 0),
(779, '48', '8', 0),
(780, '49', '8', 9),
(781, '50', '8', 0),
(782, '51', '8', 8),
(783, '52', '8', 0),
(784, '53', '8', 0),
(785, '54', '8', 8),
(786, '55', '8', 7),
(787, '58', '8', 0),
(788, '59', '8', 0),
(789, '60', '8', 0),
(790, '62', '8', 7),
(791, '63', '8', 0),
(792, '64', '8', 0),
(793, '65', '8', 0),
(794, '66', '8', 0),
(795, '67', '8', 8),
(796, '68', '8', 8),
(797, '69', '8', 0),
(798, '70', '8', 8),
(799, '71', '8', 0),
(800, '72', '8', 0),
(801, '73', '8', 0),
(802, '74', '8', 8),
(803, '75', '8', 8),
(804, '76', '8', 0),
(805, '77', '8', 8),
(806, '78', '8', 8),
(807, '79', '8', 0),
(808, '80', '8', 0),
(809, '81', '8', 0),
(810, '82', '8', 9),
(811, '83', '8', 0),
(812, '84', '8', 0),
(813, '85', '8', 9),
(814, '86', '8', 0),
(815, '87', '8', 0),
(816, '88', '8', 0),
(817, '89', '8', 0),
(818, '90', '8', 0),
(819, '92', '8', 0),
(820, '93', '8', 0),
(821, '94', '8', 0),
(822, '95', '8', 0),
(823, '96', '8', 0),
(824, '97', '8', 6),
(825, '98', '8', 0),
(826, '99', '8', 0),
(827, '100', '8', 0),
(828, '101', '8', 0),
(829, '102', '8', 0),
(830, '103', '8', 0),
(831, '104', '8', 0),
(832, '105', '8', 0),
(833, '106', '8', 0),
(834, '107', '8', 9),
(835, '108', '8', 7),
(836, '9', '4', 0),
(837, '56', '1', 5),
(838, '56', '2', 6),
(839, '56', '3', 7),
(840, '56', '4', 8),
(841, '56', '5', 3),
(842, '56', '6', 8),
(843, '56', '7', 8),
(844, '56', '8', 5),
(845, '57', '1', 7),
(846, '57', '2', 8),
(847, '57', '3', 7),
(848, '57', '4', 5),
(849, '57', '5', 0),
(850, '57', '6', 3),
(851, '57', '7', 9),
(852, '57', '8', 4),
(853, '61', '1', 6),
(854, '61', '2', 7),
(855, '61', '3', 6),
(856, '', '4', 0),
(857, '', '5', 0),
(858, '', '6', 0),
(859, '', '8', 0),
(860, '61', '4', 8),
(861, '61', '5', 7),
(862, '61', '6', 9),
(863, '61', '8', 8),
(864, '87', '2', 8),
(865, '108', '2', 7);

-- --------------------------------------------------------

--
-- Table structure for table `tipe_baju`
--

CREATE TABLE IF NOT EXISTS `tipe_baju` (
  `id_tipebaju` int(5) NOT NULL AUTO_INCREMENT,
  `nm_tipebaju` varchar(10) NOT NULL,
  PRIMARY KEY (`id_tipebaju`)
) ENGINE=InnoDB  DEFAULT CHARSET=latin1 AUTO_INCREMENT=4 ;

--
-- Dumping data for table `tipe_baju`
--

INSERT INTO `tipe_baju` (`id_tipebaju`, `nm_tipebaju`) VALUES
(1, 'formal'),
(2, 'casual'),
(3, 'aksesoris');

-- --------------------------------------------------------

--
-- Table structure for table `ukuran_baju`
--

CREATE TABLE IF NOT EXISTS `ukuran_baju` (
  `id_ukuran` int(5) NOT NULL AUTO_INCREMENT,
  `ukuran` varchar(15) NOT NULL,
  PRIMARY KEY (`id_ukuran`)
) ENGINE=InnoDB  DEFAULT CHARSET=latin1 AUTO_INCREMENT=6 ;

--
-- Dumping data for table `ukuran_baju`
--

INSERT INTO `ukuran_baju` (`id_ukuran`, `ukuran`) VALUES
(1, 'S'),
(2, 'M'),
(3, 'L'),
(4, 'XL'),
(5, 'XXL');

-- --------------------------------------------------------

--
-- Table structure for table `ukuran_dada`
--

CREATE TABLE IF NOT EXISTS `ukuran_dada` (
  `id_ukurandada` int(5) NOT NULL AUTO_INCREMENT,
  `ukurandada` varchar(10) NOT NULL,
  PRIMARY KEY (`id_ukurandada`)
) ENGINE=InnoDB DEFAULT CHARSET=latin1 AUTO_INCREMENT=1 ;

--
-- Dumping data for table `ukuran_dada`
--


-- --------------------------------------------------------

--
-- Table structure for table `user`
--

CREATE TABLE IF NOT EXISTS `user` (
  `id_user` int(2) NOT NULL AUTO_INCREMENT,
  `username` varchar(50) NOT NULL,
  `password` varchar(50) NOT NULL,
  PRIMARY KEY (`id_user`)
) ENGINE=InnoDB  DEFAULT CHARSET=latin1 AUTO_INCREMENT=9 ;

--
-- Dumping data for table `user`
--

INSERT INTO `user` (`id_user`, `username`, `password`) VALUES
(1, 'user1', 'user'),
(2, 'user2', 'user'),
(3, 'user3', 'user'),
(4, 'user4', 'user'),
(5, 'user5', 'user'),
(6, 'user6', 'user'),
(7, 'user7', 'user'),
(8, 'user8', 'user');

-- --------------------------------------------------------

--
-- Table structure for table `warna_kulit`
--

CREATE TABLE IF NOT EXISTS `warna_kulit` (
  `id_warnakulit` int(5) NOT NULL AUTO_INCREMENT,
  `nm_warnakulit` varchar(25) NOT NULL,
  PRIMARY KEY (`id_warnakulit`)
) ENGINE=InnoDB  DEFAULT CHARSET=latin1 AUTO_INCREMENT=5 ;

--
-- Dumping data for table `warna_kulit`
--

INSERT INTO `warna_kulit` (`id_warnakulit`, `nm_warnakulit`) VALUES
(1, 'putih'),
(2, 'hitam'),
(3, 'sawo_matang'),
(4, 'all');
